{"stats":{"minecraft:dropped":{"minecraft:dirt":1,"minecraft:glass_bottle":2,"minecraft:potion":1,"minecraft:music_disc_ward":1,"minecraft:bow":1,"minecraft:paper":1,"minecraft:written_book":1,"minecraft:item_frame":1},"minecraft:picked_up":{"minecraft:stick":3,"minecraft:potion":2,"minecraft:dirt":1,"minecraft:paper":1,"minecraft:wooden_sword":1,"minecraft:item_frame":1,"minecraft:rotten_flesh":1,"minecraft:bow":1,"minecraft:beef":1,"minecraft:oak_sapling":11},"minecraft:custom":{"minecraft:time_since_rest":1206,"minecraft:sprint_one_cm":193167,"minecraft:damage_taken":4526,"minecraft:walk_one_cm":108902,"minecraft:trigger_trapped_chest":2,"minecraft:interact_with_anvil":2,"minecraft:drop":9,"minecraft:minecart_one_cm":322,"minecraft:damage_dealt":407,"minecraft:talked_to_villager":1,"minecraft:fly_one_cm":98206,"minecraft:target_hit":1,"minecraft:player_kills":1,"minecraft:open_barrel":42,"minecraft:open_chest":11,"minecraft:play_one_minute":35762,"minecraft:crouch_one_cm":6577,"minecraft:deaths":16,"minecraft:sneak_time":1809,"minecraft:bell_ring":4,"minecraft:jump":752,"minecraft:interact_with_blast_furnace":3,"minecraft:time_since_death":1176,"minecraft:walk_on_water_one_cm":67,"minecraft:climb_one_cm":722,"minecraft:fall_one_cm":9786},"minecraft:mined":{"minecraft:grass_block":1},"minecraft:killed_by":{"minecraft:vindicator":8,"minecraft:ravager":1,"minecraft:player":7},"minecraft:used":{"minecraft:rotten_flesh":1,"minecraft:potion":2,"minecraft:bow":12,"minecraft:beef":1,"minecraft:written_book":3}},"DataVersion":2586}