{"stats":{"minecraft:dropped":{"minecraft:dirt":1,"minecraft:glass_bottle":2,"minecraft:potion":1,"minecraft:music_disc_ward":1,"minecraft:bow":1,"minecraft:paper":1,"minecraft:written_book":1,"minecraft:item_frame":1},"minecraft:picked_up":{"minecraft:stick":7,"minecraft:potion":2,"minecraft:dirt":1,"minecraft:paper":1,"minecraft:wooden_sword":1,"minecraft:item_frame":1,"minecraft:rotten_flesh":1,"minecraft:bow":1,"minecraft:beef":1,"minecraft:oak_sapling":16,"minecraft:mutton":1},"minecraft:custom":{"minecraft:time_since_rest":225,"minecraft:sprint_one_cm":279443,"minecraft:damage_taken":7964,"minecraft:walk_one_cm":128384,"minecraft:trigger_trapped_chest":2,"minecraft:interact_with_anvil":2,"minecraft:drop":9,"minecraft:minecart_one_cm":322,"minecraft:damage_dealt":454,"minecraft:swim_one_cm":27546,"minecraft:talked_to_villager":1,"minecraft:fly_one_cm":120030,"minecraft:target_hit":1,"minecraft:player_kills":1,"minecraft:open_barrel":43,"minecraft:open_chest":15,"minecraft:play_one_minute":47762,"minecraft:crouch_one_cm":6777,"minecraft:deaths":28,"minecraft:sneak_time":1897,"minecraft:bell_ring":4,"minecraft:walk_under_water_one_cm":5755,"minecraft:jump":905,"minecraft:interact_with_blast_furnace":3,"minecraft:time_since_death":198,"minecraft:walk_on_water_one_cm":3917,"minecraft:climb_one_cm":722,"minecraft:fall_one_cm":13502,"minecraft:inspect_dispenser":1},"minecraft:mined":{"minecraft:grass_block":1},"minecraft:killed_by":{"minecraft:vindicator":17,"minecraft:ravager":1,"minecraft:player":10},"minecraft:used":{"minecraft:cooked_mutton":2,"minecraft:rotten_flesh":1,"minecraft:potion":2,"minecraft:bow":12,"minecraft:beef":1,"minecraft:written_book":3,"minecraft:acacia_button":1}},"DataVersion":2586}