{"stats":{"minecraft:picked_up":{"minecraft:stick":7,"minecraft:carrot_on_a_stick":1,"minecraft:poisonous_potato":3,"minecraft:potion":2,"minecraft:dirt":1,"minecraft:paper":1,"minecraft:wooden_sword":1,"minecraft:item_frame":1,"minecraft:rotten_flesh":1,"minecraft:bow":1,"minecraft:beef":1,"minecraft:written_book":3,"minecraft:oak_sapling":16,"minecraft:mutton":7},"minecraft:dropped":{"minecraft:filled_map":1,"minecraft:dirt":1,"minecraft:glass_bottle":2,"minecraft:poisonous_potato":3,"minecraft:potion":2,"minecraft:rotten_flesh":4,"minecraft:music_disc_ward":1,"minecraft:bow":1,"minecraft:cooked_mutton":1,"minecraft:paper":1,"minecraft:written_book":2,"minecraft:item_frame":1},"minecraft:custom":{"minecraft:time_since_rest":5646,"minecraft:sprint_one_cm":328630,"minecraft:damage_taken":10555,"minecraft:walk_one_cm":161279,"minecraft:trigger_trapped_chest":6,"minecraft:interact_with_anvil":2,"minecraft:drop":15,"minecraft:minecart_one_cm":322,"minecraft:damage_dealt":841,"minecraft:tune_noteblock":1,"minecraft:swim_one_cm":34868,"minecraft:talked_to_villager":1,"minecraft:fly_one_cm":143128,"minecraft:target_hit":1,"minecraft:player_kills":2,"minecraft:open_barrel":53,"minecraft:open_chest":15,"minecraft:play_one_minute":59762,"minecraft:crouch_one_cm":7309,"minecraft:deaths":36,"minecraft:sneak_time":2158,"minecraft:bell_ring":4,"minecraft:walk_under_water_one_cm":6825,"minecraft:jump":1179,"minecraft:interact_with_blast_furnace":3,"minecraft:time_since_death":5618,"minecraft:walk_on_water_one_cm":5326,"minecraft:climb_one_cm":2203,"minecraft:fall_one_cm":14315,"minecraft:inspect_dispenser":1},"minecraft:mined":{"minecraft:grass_block":1},"minecraft:killed_by":{"minecraft:vindicator":17,"minecraft:ravager":6,"minecraft:player":13},"minecraft:used":{"minecraft:cooked_mutton":10,"minecraft:rotten_flesh":1,"minecraft:wooden_sword":11,"minecraft:potion":2,"minecraft:bow":12,"minecraft:beef":1,"minecraft:written_book":4,"minecraft:acacia_button":1}},"DataVersion":2586}