{"stats":{"minecraft:used":{"minecraft:written_book":1},"minecraft:custom":{"minecraft:jump":121,"minecraft:open_chest":4,"minecraft:time_since_rest":270,"minecraft:damage_dealt":113,"minecraft:crouch_one_cm":683,"minecraft:play_one_minute":5035,"minecraft:deaths":2,"minecraft:sprint_one_cm":10123,"minecraft:damage_taken":466,"minecraft:time_since_death":77,"minecraft:walk_one_cm":14092,"minecraft:sneak_time":201,"minecraft:drop":2,"minecraft:fall_one_cm":1513,"minecraft:fly_one_cm":16689,"minecraft:open_barrel":3},"minecraft:picked_up":{"minecraft:paper":1},"minecraft:dropped":{"minecraft:paper":1,"minecraft:written_book":1},"minecraft:killed_by":{"minecraft:player":2}},"DataVersion":2586}