{"stats":{"minecraft:picked_up":{"minecraft:dirt":1,"minecraft:paper":1},"minecraft:dropped":{"minecraft:dirt":1,"minecraft:paper":1,"minecraft:written_book":1},"minecraft:custom":{"minecraft:open_barrel":7,"minecraft:time_since_rest":6700,"minecraft:open_chest":7,"minecraft:crouch_one_cm":4554,"minecraft:play_one_minute":17762,"minecraft:sprint_one_cm":57088,"minecraft:damage_taken":1294,"minecraft:deaths":5,"minecraft:walk_one_cm":52557,"minecraft:sneak_time":1136,"minecraft:interact_with_anvil":1,"minecraft:drop":3,"minecraft:jump":471,"minecraft:interact_with_blast_furnace":1,"minecraft:damage_dealt":260,"minecraft:walk_on_water_one_cm":67,"minecraft:time_since_death":6673,"minecraft:fall_one_cm":6277,"minecraft:fly_one_cm":61352},"minecraft:mined":{"minecraft:grass_block":1},"minecraft:killed_by":{"minecraft:player":5},"minecraft:used":{"minecraft:written_book":3}},"DataVersion":2586}