{"stats":{"minecraft:picked_up":{"minecraft:stick":8,"minecraft:magma_cream":1,"minecraft:nether_wart":3,"minecraft:bowl":2,"minecraft:carrot_on_a_stick":1,"minecraft:poisonous_potato":3,"minecraft:filled_map":1,"minecraft:potion":2,"minecraft:golden_sword":1,"minecraft:dirt":1,"minecraft:paper":1,"minecraft:wooden_sword":1,"minecraft:item_frame":2,"minecraft:compass":1,"minecraft:rotten_flesh":2,"minecraft:bow":2,"minecraft:crossbow":1,"minecraft:beef":1,"minecraft:cobweb":4,"minecraft:written_book":7,"minecraft:glass_bottle":2,"minecraft:oak_sapling":16,"minecraft:mutton":7},"minecraft:dropped":{"minecraft:filled_map":1,"minecraft:cobweb":2,"minecraft:dirt":1,"minecraft:nether_wart":2,"minecraft:glass_bottle":4,"minecraft:bowl":1,"minecraft:crossbow":1,"minecraft:poisonous_potato":3,"minecraft:potion":13,"minecraft:rotten_flesh":4,"minecraft:music_disc_ward":1,"minecraft:bow":2,"minecraft:cooked_mutton":1,"minecraft:paper":1,"minecraft:written_book":6,"minecraft:carrot_on_a_stick":1,"minecraft:golden_apple":1,"minecraft:beetroot_soup":1,"minecraft:stick":8,"minecraft:item_frame":1},"minecraft:custom":{"minecraft:time_since_rest":18060,"minecraft:sprint_one_cm":366365,"minecraft:damage_taken":10555,"minecraft:walk_one_cm":191167,"minecraft:trigger_trapped_chest":8,"minecraft:interact_with_anvil":2,"minecraft:drop":42,"minecraft:inspect_hopper":3,"minecraft:minecart_one_cm":322,"minecraft:damage_dealt":901,"minecraft:tune_noteblock":7,"minecraft:swim_one_cm":34868,"minecraft:talked_to_villager":1,"minecraft:fly_one_cm":154589,"minecraft:target_hit":1,"minecraft:player_kills":2,"minecraft:open_barrel":53,"minecraft:open_chest":15,"minecraft:play_one_minute":72176,"minecraft:crouch_one_cm":7858,"minecraft:deaths":36,"minecraft:sneak_time":2250,"minecraft:bell_ring":4,"minecraft:walk_under_water_one_cm":6825,"minecraft:jump":1298,"minecraft:interact_with_stonecutter":2,"minecraft:interact_with_blast_furnace":3,"minecraft:leave_game":1,"minecraft:time_since_death":18032,"minecraft:walk_on_water_one_cm":5326,"minecraft:climb_one_cm":2203,"minecraft:fall_one_cm":14737,"minecraft:inspect_dispenser":1},"minecraft:mined":{"minecraft:grass_block":1},"minecraft:killed_by":{"minecraft:vindicator":17,"minecraft:ravager":6,"minecraft:player":13},"minecraft:used":{"minecraft:cooked_mutton":10,"minecraft:rotten_flesh":1,"minecraft:wooden_sword":13,"minecraft:potion":3,"minecraft:bow":12,"minecraft:beef":1,"minecraft:written_book":4,"minecraft:acacia_button":1,"minecraft:beetroot_soup":1}},"DataVersion":2586}