{"stats":{"minecraft:killed":{"minecraft:cow":1},"minecraft:dropped":{"minecraft:glass_bottle":1,"minecraft:mutton":6,"minecraft:bowl":2,"minecraft:rabbit":1,"minecraft:oak_sapling":7,"minecraft:poisonous_potato":4,"minecraft:golden_sword":1,"minecraft:potion":2,"minecraft:rotten_flesh":11,"minecraft:wooden_sword":1,"minecraft:beef":2,"minecraft:paper":1,"minecraft:written_book":5,"minecraft:carrot_on_a_stick":1,"minecraft:stick":2},"minecraft:picked_up":{"minecraft:stick":2,"minecraft:filled_map":1,"minecraft:paper":1,"minecraft:bone":1,"minecraft:apple":1,"minecraft:music_disc_ward":1,"minecraft:written_book":2,"minecraft:glass_bottle":3,"minecraft:oak_sapling":7},"minecraft:broken":{"minecraft:leather_helmet":1,"minecraft:leather_chestplate":1},"minecraft:custom":{"minecraft:time_since_rest":7597,"minecraft:interact_with_smithing_table":1,"minecraft:sprint_one_cm":294326,"minecraft:damage_taken":5325,"minecraft:walk_one_cm":255061,"minecraft:damage_blocked_by_shield":120,"minecraft:trigger_trapped_chest":4,"minecraft:mob_kills":1,"minecraft:drop":22,"minecraft:minecart_one_cm":308,"minecraft:damage_dealt":2811,"minecraft:play_record":2,"minecraft:swim_one_cm":58238,"minecraft:talked_to_villager":2,"minecraft:interact_with_crafting_table":1,"minecraft:fly_one_cm":116961,"minecraft:player_kills":6,"minecraft:pig_one_cm":5663,"minecraft:open_barrel":53,"minecraft:open_chest":19,"minecraft:play_one_minute":62038,"minecraft:crouch_one_cm":12848,"minecraft:deaths":18,"minecraft:sneak_time":3596,"minecraft:walk_under_water_one_cm":9428,"minecraft:interact_with_lectern":1,"minecraft:jump":866,"minecraft:leave_game":1,"minecraft:time_since_death":7567,"minecraft:walk_on_water_one_cm":3459,"minecraft:interact_with_smoker":6,"minecraft:climb_one_cm":4594,"minecraft:fall_one_cm":9928,"minecraft:horse_one_cm":730},"minecraft:crafted":{"minecraft:leather_helmet":1},"minecraft:killed_by":{"minecraft:vindicator":8,"minecraft:ravager":5,"minecraft:player":5},"minecraft:used":{"minecraft:netherite_sword":7,"minecraft:apple":2,"minecraft:rabbit":2,"minecraft:carrot_on_a_stick":2,"minecraft:music_disc_ward":1,"minecraft:shield":1,"minecraft:music_disc_wait":1,"minecraft:golden_sword":31,"minecraft:wooden_sword":3,"minecraft:potion":1,"minecraft:bow":7,"minecraft:beef":2,"minecraft:written_book":2,"minecraft:mushroom_stew":1,"minecraft:cooked_beef":3,"minecraft:beetroot_soup":1}},"DataVersion":2586}