{"stats":{"minecraft:dropped":{"minecraft:bowl":1,"minecraft:rabbit":1,"minecraft:potion":2,"minecraft:wooden_sword":1,"minecraft:beef":2,"minecraft:paper":1,"minecraft:written_book":1},"minecraft:picked_up":{"minecraft:stick":1,"minecraft:paper":1,"minecraft:bone":1,"minecraft:music_disc_ward":1,"minecraft:written_book":1,"minecraft:glass_bottle":1,"minecraft:oak_sapling":3},"minecraft:custom":{"minecraft:time_since_rest":2007,"minecraft:sprint_one_cm":181823,"minecraft:damage_taken":2523,"minecraft:walk_one_cm":172298,"minecraft:trigger_trapped_chest":2,"minecraft:drop":9,"minecraft:minecart_one_cm":308,"minecraft:damage_dealt":1919,"minecraft:play_record":2,"minecraft:talked_to_villager":1,"minecraft:interact_with_crafting_table":1,"minecraft:fly_one_cm":72192,"minecraft:player_kills":5,"minecraft:open_barrel":23,"minecraft:open_chest":18,"minecraft:play_one_minute":38038,"minecraft:crouch_one_cm":8535,"minecraft:deaths":9,"minecraft:sneak_time":2336,"minecraft:jump":497,"minecraft:leave_game":1,"minecraft:time_since_death":1956,"minecraft:walk_on_water_one_cm":25,"minecraft:climb_one_cm":780,"minecraft:fall_one_cm":6799},"minecraft:crafted":{"minecraft:leather_helmet":1},"minecraft:killed_by":{"minecraft:vindicator":5,"minecraft:ravager":2,"minecraft:player":2},"minecraft:used":{"minecraft:rabbit":2,"minecraft:music_disc_ward":1,"minecraft:music_disc_wait":1,"minecraft:golden_sword":22,"minecraft:wooden_sword":3,"minecraft:bow":4,"minecraft:beef":2,"minecraft:written_book":2,"minecraft:beetroot_soup":1}},"DataVersion":2586}