{"stats":{"minecraft:killed":{"minecraft:cow":1},"minecraft:dropped":{"minecraft:bowl":2,"minecraft:rabbit":1,"minecraft:potion":2,"minecraft:wooden_sword":1,"minecraft:beef":2,"minecraft:paper":1,"minecraft:written_book":1},"minecraft:picked_up":{"minecraft:stick":2,"minecraft:filled_map":1,"minecraft:paper":1,"minecraft:bone":1,"minecraft:apple":1,"minecraft:music_disc_ward":1,"minecraft:written_book":1,"minecraft:glass_bottle":1,"minecraft:oak_sapling":7},"minecraft:broken":{"minecraft:leather_helmet":1,"minecraft:leather_chestplate":1},"minecraft:custom":{"minecraft:time_since_rest":5341,"minecraft:interact_with_smithing_table":1,"minecraft:sprint_one_cm":245259,"minecraft:damage_taken":4114,"minecraft:walk_one_cm":217489,"minecraft:trigger_trapped_chest":2,"minecraft:mob_kills":1,"minecraft:drop":10,"minecraft:minecart_one_cm":308,"minecraft:damage_dealt":2395,"minecraft:play_record":2,"minecraft:swim_one_cm":39468,"minecraft:talked_to_villager":2,"minecraft:interact_with_crafting_table":1,"minecraft:fly_one_cm":99765,"minecraft:player_kills":6,"minecraft:pig_one_cm":5663,"minecraft:open_barrel":46,"minecraft:open_chest":19,"minecraft:play_one_minute":50038,"minecraft:crouch_one_cm":12286,"minecraft:deaths":14,"minecraft:sneak_time":3217,"minecraft:walk_under_water_one_cm":6657,"minecraft:jump":658,"minecraft:leave_game":1,"minecraft:time_since_death":5313,"minecraft:walk_on_water_one_cm":1932,"minecraft:interact_with_smoker":6,"minecraft:climb_one_cm":780,"minecraft:fall_one_cm":9205,"minecraft:horse_one_cm":730},"minecraft:crafted":{"minecraft:leather_helmet":1},"minecraft:killed_by":{"minecraft:vindicator":8,"minecraft:ravager":4,"minecraft:player":2},"minecraft:used":{"minecraft:apple":1,"minecraft:rabbit":2,"minecraft:carrot_on_a_stick":2,"minecraft:music_disc_ward":1,"minecraft:music_disc_wait":1,"minecraft:golden_sword":31,"minecraft:wooden_sword":3,"minecraft:bow":6,"minecraft:beef":2,"minecraft:written_book":2,"minecraft:mushroom_stew":1,"minecraft:beetroot_soup":1}},"DataVersion":2586}