{"stats":{"minecraft:used":{"minecraft:written_book":1},"minecraft:custom":{"minecraft:jump":71,"minecraft:open_chest":3,"minecraft:time_since_rest":7406,"minecraft:crouch_one_cm":859,"minecraft:damage_dealt":664,"minecraft:play_one_minute":7406,"minecraft:leave_game":1,"minecraft:sprint_one_cm":3372,"minecraft:damage_taken":103,"minecraft:time_since_death":7406,"minecraft:walk_one_cm":23310,"minecraft:sneak_time":245,"minecraft:drop":2,"minecraft:fall_one_cm":478,"minecraft:fly_one_cm":3319,"minecraft:player_kills":3},"minecraft:picked_up":{"minecraft:written_book":1,"minecraft:paper":1},"minecraft:dropped":{"minecraft:paper":1,"minecraft:written_book":1}},"DataVersion":2586}