{"stats":{"minecraft:picked_up":{"minecraft:written_book":1,"minecraft:paper":1},"minecraft:dropped":{"minecraft:beef":2,"minecraft:paper":1,"minecraft:bowl":1,"minecraft:written_book":1,"minecraft:rabbit":1},"minecraft:custom":{"minecraft:open_barrel":3,"minecraft:time_since_rest":11274,"minecraft:open_chest":12,"minecraft:crouch_one_cm":4202,"minecraft:play_one_minute":20038,"minecraft:sprint_one_cm":49607,"minecraft:damage_taken":326,"minecraft:deaths":1,"minecraft:walk_one_cm":74370,"minecraft:sneak_time":891,"minecraft:drop":6,"minecraft:jump":308,"minecraft:damage_dealt":1073,"minecraft:leave_game":1,"minecraft:time_since_death":11244,"minecraft:player_kills":5,"minecraft:fall_one_cm":3439,"minecraft:fly_one_cm":38328},"minecraft:killed_by":{"minecraft:player":1},"minecraft:used":{"minecraft:beef":2,"minecraft:written_book":2,"minecraft:beetroot_soup":1}},"DataVersion":2586}