{"stats":{"minecraft:custom":{"minecraft:interact_with_crafting_table":11,"minecraft:open_barrel":416,"minecraft:bell_ring":92,"minecraft:leave_game":239,"minecraft:time_since_death":1666745,"minecraft:damage_blocked_by_shield":2050,"minecraft:deaths":64,"minecraft:jump":62737,"minecraft:interact_with_furnace":14,"minecraft:play_record":49,"minecraft:traded_with_villager":3,"minecraft:damage_dealt":120648,"minecraft:interact_with_smoker":16,"minecraft:inspect_dispenser":56,"minecraft:horse_one_cm":45318,"minecraft:interact_with_smithing_table":2,"minecraft:inspect_dropper":2,"minecraft:interact_with_anvil":65,"minecraft:inspect_hopper":63,"minecraft:damage_dealt_absorbed":15193,"minecraft:target_hit":15,"minecraft:sneak_time":568729,"minecraft:interact_with_lectern":64,"minecraft:interact_with_blast_furnace":24,"minecraft:tune_noteblock":144,"minecraft:interact_with_stonecutter":17,"minecraft:time_since_rest":1666769,"minecraft:swim_one_cm":1419099,"minecraft:fly_one_cm":65889922,"minecraft:open_chest":206,"minecraft:fall_one_cm":107122,"minecraft:open_shulker_box":9,"minecraft:damage_resisted":334,"minecraft:sprint_one_cm":13517848,"minecraft:drop":103,"minecraft:talked_to_villager":27,"minecraft:interact_with_brewingstand":3,"minecraft:walk_on_water_one_cm":551125,"minecraft:play_one_minute":10189069,"minecraft:interact_with_loom":8,"minecraft:open_enderchest":19,"minecraft:crouch_one_cm":945698,"minecraft:mob_kills":473,"minecraft:fill_cauldron":22,"minecraft:climb_one_cm":215517,"minecraft:walk_one_cm":22672562,"minecraft:walk_under_water_one_cm":2923357,"minecraft:boat_one_cm":705,"minecraft:pot_flower":32,"minecraft:interact_with_grindstone":12,"minecraft:damage_absorbed":660,"minecraft:damage_taken":28006,"minecraft:trigger_trapped_chest":96,"minecraft:minecart_one_cm":11587,"minecraft:aviate_one_cm":30690499},"minecraft:used":{"minecraft:peony":4,"minecraft:music_disc_far":1,"minecraft:nether_brick_fence":141,"minecraft:jack_o_lantern":5,"minecraft:writable_book":13,"minecraft:polished_granite_stairs":4,"minecraft:spruce_slab":2265,"minecraft:dispenser":91,"minecraft:polished_blackstone":1,"minecraft:poppy":4,"minecraft:dead_brain_coral":43,"minecraft:ladder":185,"minecraft:black_carpet":10,"minecraft:chest":72,"minecraft:stone":1044,"minecraft:brown_concrete":99,"minecraft:warped_sign":342,"minecraft:red_nether_brick_stairs":7,"minecraft:quartz_stairs":44,"minecraft:farmland":34,"minecraft:soul_sand":27,"minecraft:skeleton_spawn_egg":5,"minecraft:blue_stained_glass":73,"minecraft:brick_slab":251,"minecraft:jungle_slab":195,"minecraft:orange_wool":29,"minecraft:acacia_button":33,"minecraft:weeping_vines":6,"minecraft:stripped_spruce_log":65,"minecraft:spruce_boat":5,"minecraft:wandering_trader_spawn_egg":15,"minecraft:polished_blackstone_slab":1,"minecraft:honey_block":833,"minecraft:packed_ice":18,"minecraft:lava_bucket":1,"minecraft:stripped_dark_oak_wood":28,"minecraft:villager_spawn_egg":106,"minecraft:music_disc_pigstep":1,"minecraft:jungle_fence_gate":84,"minecraft:red_wool":87,"minecraft:black_stained_glass_pane":271,"minecraft:grass_block":2006,"minecraft:music_disc_ward":7,"minecraft:orange_shulker_box":2,"minecraft:polished_andesite_stairs":235,"minecraft:quartz_block":60,"minecraft:wet_sponge":3,"minecraft:dark_oak_slab":62,"minecraft:music_disc_wait":37,"minecraft:dark_oak_button":5,"minecraft:pink_wool":1,"minecraft:stone_brick_stairs":362,"minecraft:rabbit_stew":1,"minecraft:red_stained_glass_pane":1,"minecraft:bow":16,"minecraft:sweet_berries":7,"minecraft:oak_sapling":1627,"minecraft:furnace":28,"minecraft:dragon_head":126,"minecraft:seagrass":78,"minecraft:green_stained_glass_pane":18,"minecraft:dead_brain_coral_fan":57,"minecraft:brown_concrete_powder":20,"minecraft:emerald_ore":10,"minecraft:mossy_stone_bricks":18,"minecraft:damaged_anvil":40,"minecraft:cow_spawn_egg":8,"minecraft:brick_wall":1245,"minecraft:spruce_door":74,"minecraft:stripped_birch_log":1,"minecraft:red_stained_glass":9,"minecraft:acacia_trapdoor":13,"minecraft:powered_rail":3,"minecraft:prismarine":9,"minecraft:lime_concrete_powder":1,"minecraft:mossy_stone_brick_stairs":16,"minecraft:fox_spawn_egg":11,"minecraft:jungle_pressure_plate":1,"minecraft:composter":114,"minecraft:clay":6,"minecraft:oak_leaves":7093,"minecraft:golden_apple":1,"minecraft:respawn_anchor":9,"minecraft:dark_oak_trapdoor":10,"minecraft:purpur_stairs":2,"minecraft:sand":78,"minecraft:blast_furnace":91,"minecraft:blue_ice":2,"minecraft:gray_concrete":16,"minecraft:black_concrete_powder":6,"minecraft:red_sandstone_wall":18,"minecraft:crimson_fence_gate":9,"minecraft:crying_obsidian":2,"minecraft:birch_slab":4,"minecraft:stone_button":51,"minecraft:lectern":69,"minecraft:red_terracotta":113,"minecraft:polished_granite":509,"minecraft:oak_pressure_plate":10,"minecraft:diamond_ore":1,"minecraft:cat_spawn_egg":1,"minecraft:polished_andesite_slab":93,"minecraft:pufferfish":4,"minecraft:magenta_stained_glass_pane":116,"minecraft:fire_charge":70,"minecraft:nether_wart_block":3806,"minecraft:diamond_sword":707,"minecraft:coal_block":21,"minecraft:wooden_sword":15,"minecraft:smithing_table":11,"minecraft:dark_oak_fence":16,"minecraft:white_stained_glass":2,"minecraft:green_concrete_powder":5,"minecraft:birch_log":2,"minecraft:pink_stained_glass":56,"minecraft:compass":47,"minecraft:oak_trapdoor":56,"minecraft:stripped_acacia_wood":9,"minecraft:enchanting_table":1,"minecraft:iron_bars":1016,"minecraft:acacia_log":4,"minecraft:dead_tube_coral_block":203,"minecraft:orange_concrete":1,"minecraft:dead_bush":150,"minecraft:carved_pumpkin":18,"minecraft:armor_stand":45,"minecraft:red_concrete":38,"minecraft:light_gray_carpet":42,"minecraft:mycelium":4,"minecraft:stripped_warped_stem":3,"minecraft:polished_blackstone_wall":1,"minecraft:structure_block":12,"minecraft:netherrack":281,"minecraft:light_gray_shulker_box":8,"minecraft:torch":1159,"minecraft:brewing_stand":8,"minecraft:target":19,"minecraft:anvil":118,"minecraft:dead_tube_coral":4,"minecraft:stone_stairs":2,"minecraft:nether_brick_slab":5,"minecraft:yellow_carpet":27,"minecraft:jungle_trapdoor":28,"minecraft:polished_granite_slab":1,"minecraft:blue_concrete":15,"minecraft:oak_fence_gate":9,"minecraft:polished_diorite":94,"minecraft:fern":3,"minecraft:shroomlight":6,"minecraft:mossy_cobblestone_stairs":4,"minecraft:red_shulker_box":47,"minecraft:sea_lantern":144,"minecraft:chipped_anvil":10,"minecraft:iron_block":20,"minecraft:light_weighted_pressure_plate":7,"minecraft:slime_block":18,"minecraft:brick_stairs":775,"minecraft:spruce_button":33,"minecraft:jungle_log":10,"minecraft:spawner":1,"minecraft:chicken_spawn_egg":37,"minecraft:smooth_quartz":4,"minecraft:totem_of_undying":1,"minecraft:pink_stained_glass_pane":7,"minecraft:barrel":228,"minecraft:bamboo":189,"minecraft:tripwire_hook":34,"minecraft:purple_concrete":6,"minecraft:glowstone":627,"minecraft:lime_concrete":77,"minecraft:tall_grass":96,"minecraft:iron_trapdoor":2762,"minecraft:podzol":939,"minecraft:trapped_chest":49,"minecraft:crimson_pressure_plate":1,"minecraft:acacia_planks":1555,"minecraft:observer":686,"minecraft:orange_terracotta":1,"minecraft:dead_bubble_coral_fan":3,"minecraft:water_bucket":2441,"minecraft:nether_brick_wall":82,"minecraft:birch_planks":2,"minecraft:yellow_shulker_box":5,"minecraft:lime_wool":31,"minecraft:cartography_table":4,"minecraft:red_mushroom_block":4,"minecraft:cauldron":128,"minecraft:fletching_table":2,"minecraft:spruce_fence_gate":33,"minecraft:horse_spawn_egg":1,"minecraft:gold_ore":239,"minecraft:cracked_stone_bricks":5,"minecraft:pink_concrete":38,"minecraft:mossy_cobblestone":163,"minecraft:rail":86,"minecraft:comparator":90,"minecraft:vine":252,"minecraft:oak_slab":789,"minecraft:crafting_table":18,"minecraft:crimson_trapdoor":21,"minecraft:birch_sign":94,"minecraft:campfire":160,"minecraft:white_bed":15,"minecraft:dark_oak_fence_gate":1,"minecraft:lime_shulker_box":4,"minecraft:cake":7,"minecraft:spruce_log":508,"minecraft:oak_log":3727,"minecraft:blue_stained_glass_pane":8,"minecraft:acacia_sign":81,"minecraft:sunflower":21,"minecraft:oak_button":43,"minecraft:pig_spawn_egg":24,"minecraft:spruce_pressure_plate":5,"minecraft:purpur_slab":13,"minecraft:spruce_trapdoor":126,"minecraft:spruce_sapling":10,"minecraft:crimson_nylium":77,"minecraft:crimson_sign":41,"minecraft:blue_carpet":5,"minecraft:chiseled_stone_bricks":10,"minecraft:cobblestone":1186,"minecraft:potion":107,"minecraft:orange_banner":1,"minecraft:crimson_stairs":4,"minecraft:sandstone_slab":8,"minecraft:glass_pane":3,"minecraft:repeating_command_block":314,"minecraft:husk_spawn_egg":2,"minecraft:kelp":41,"minecraft:jukebox":25,"minecraft:green_stained_glass":205,"minecraft:red_sand":13,"minecraft:iron_shovel":92,"minecraft:light_gray_stained_glass_pane":2,"minecraft:melon":4,"minecraft:dead_tube_coral_fan":1,"minecraft:bone_block":101,"minecraft:oak_sign":161,"minecraft:polished_basalt":16,"minecraft:white_concrete_powder":7,"minecraft:shield":43,"minecraft:white_terracotta":80,"minecraft:iron_sword":17,"minecraft:purple_shulker_box":2,"minecraft:creeper_head":5,"minecraft:bell":16,"minecraft:grass":686,"minecraft:player_head":253,"minecraft:stripped_crimson_stem":3,"minecraft:spruce_leaves":1,"minecraft:soul_campfire":31,"minecraft:birch_pressure_plate":4,"minecraft:mutton":5,"minecraft:jungle_planks":281,"minecraft:carrot":1,"minecraft:music_disc_11":3,"minecraft:beehive":152,"minecraft:cyan_wool":2,"minecraft:milk_bucket":80,"minecraft:obsidian":35,"minecraft:honey_bottle":12,"minecraft:glass":102,"minecraft:crimson_button":4,"minecraft:cyan_terracotta":33,"minecraft:bricks":18074,"minecraft:lantern":275,"minecraft:blue_orchid":1,"minecraft:polished_blackstone_brick_wall":56,"minecraft:mossy_cobblestone_slab":12,"minecraft:crimson_roots":35,"minecraft:stone_bricks":89,"minecraft:item_frame":40,"minecraft:bedrock":1824,"minecraft:birch_button":2,"minecraft:birch_trapdoor":24,"minecraft:red_nether_brick_wall":8,"minecraft:red_carpet":85,"minecraft:repeater":4628,"minecraft:redstone_lamp":146,"minecraft:written_book":100,"minecraft:magma_block":107,"minecraft:brown_carpet":18,"minecraft:warped_fungus":2,"minecraft:horn_coral":1,"minecraft:hay_block":167,"minecraft:scaffolding":26,"minecraft:jungle_button":7,"minecraft:gold_block":44,"minecraft:skeleton_skull":24,"minecraft:pink_concrete_powder":1,"minecraft:fire_coral_fan":2,"minecraft:polished_blackstone_stairs":1,"minecraft:stripped_spruce_wood":219,"minecraft:dark_oak_stairs":9,"minecraft:zombie_horse_spawn_egg":1,"minecraft:end_rod":1,"minecraft:wither_skeleton_skull":1,"minecraft:dropper":2,"minecraft:stripped_acacia_log":3,"minecraft:gray_carpet":34,"minecraft:dark_oak_sign":1,"minecraft:jungle_fence":2,"minecraft:oak_planks":5466,"minecraft:sandstone":221,"minecraft:redstone_block":2692,"minecraft:structure_void":13,"minecraft:white_wool":444,"minecraft:yellow_terracotta":320,"minecraft:light_blue_concrete":1,"minecraft:loom":26,"minecraft:mushroom_stew":7,"minecraft:black_banner":23,"minecraft:sponge":150,"minecraft:yellow_concrete":4,"minecraft:crossbow":374,"minecraft:dead_bubble_coral":65,"minecraft:cave_spider_spawn_egg":21,"minecraft:mule_spawn_egg":5,"minecraft:blackstone_wall":21,"minecraft:note_block":154,"minecraft:stone_brick_wall":252,"minecraft:lingering_potion":9,"minecraft:creeper_spawn_egg":3,"minecraft:redstone_torch":575,"minecraft:sticky_piston":1,"minecraft:dead_fire_coral_fan":47,"minecraft:lever":198,"minecraft:green_concrete":114,"minecraft:hoglin_spawn_egg":1,"minecraft:black_concrete":6803,"minecraft:firework_rocket":315,"minecraft:birch_fence_gate":1,"minecraft:daylight_detector":140,"minecraft:acacia_door":2,"minecraft:dark_oak_log":31,"minecraft:lime_carpet":6,"minecraft:heavy_weighted_pressure_plate":24,"minecraft:barrier":2955,"minecraft:string":47,"minecraft:iron_door":174,"minecraft:prismarine_wall":9,"minecraft:gravel":276,"minecraft:evoker_spawn_egg":1,"minecraft:granite_slab":57,"minecraft:stripped_warped_hyphae":2,"minecraft:ocelot_spawn_egg":1,"minecraft:jungle_sign":79,"minecraft:pufferfish_bucket":1,"minecraft:dead_horn_coral_fan":6,"minecraft:grindstone":74,"minecraft:stripped_oak_wood":178,"minecraft:crimson_door":10,"minecraft:andesite":359,"minecraft:chain":860,"minecraft:smooth_stone_slab":503,"minecraft:mossy_cobblestone_wall":8,"minecraft:white_concrete":317,"minecraft:coarse_dirt":14204,"minecraft:warped_button":4,"minecraft:bone_meal":10503,"minecraft:cobweb":189,"minecraft:experience_bottle":2,"minecraft:oak_fence":2725,"minecraft:purpur_block":102,"minecraft:netherite_sword":788,"minecraft:petrified_oak_slab":4,"minecraft:trident":25,"minecraft:orange_concrete_powder":2,"minecraft:jungle_leaves":73,"minecraft:granite_stairs":15,"minecraft:flint_and_steel":1,"minecraft:redstone":4552,"minecraft:zombie_villager_spawn_egg":2,"minecraft:light_blue_terracotta":37,"minecraft:spruce_planks":15368,"minecraft:ender_chest":33,"minecraft:stripped_birch_wood":173,"minecraft:dried_kelp_block":16,"minecraft:oak_door":2,"minecraft:end_stone_brick_wall":14,"minecraft:dirt":246,"minecraft:red_nether_brick_slab":38,"minecraft:white_carpet":29,"minecraft:hopper":51,"minecraft:spruce_stairs":2124,"minecraft:cobblestone_wall":74,"minecraft:warped_door":7,"minecraft:oak_wood":255,"minecraft:bee_nest":9,"minecraft:spruce_fence":969,"minecraft:granite":1518,"minecraft:andesite_wall":2,"minecraft:purple_stained_glass_pane":271,"minecraft:dark_oak_planks":18,"minecraft:stone_brick_slab":25,"minecraft:ravager_spawn_egg":29,"minecraft:bookshelf":112,"minecraft:light_gray_stained_glass":1,"minecraft:oak_stairs":1077,"minecraft:acacia_slab":16,"minecraft:smooth_sandstone":1,"minecraft:crimson_slab":11,"minecraft:polished_blackstone_brick_stairs":21,"minecraft:crimson_planks":10,"minecraft:yellow_concrete_powder":4,"minecraft:black_stained_glass":9,"minecraft:emerald_block":10,"minecraft:soul_soil":650,"minecraft:wolf_spawn_egg":9,"minecraft:lime_stained_glass":1,"minecraft:minecart":1,"minecraft:stone_pressure_plate":6,"minecraft:horn_coral_block":2,"minecraft:granite_wall":2205,"minecraft:cooked_beef":16,"minecraft:dead_bubble_coral_block":10,"minecraft:zombified_piglin_spawn_egg":2,"minecraft:pumpkin":5,"minecraft:mossy_stone_brick_wall":2,"minecraft:enchanted_golden_apple":6,"minecraft:light_gray_bed":1,"minecraft:brown_bed":1,"minecraft:quartz_bricks":30,"minecraft:cobblestone_stairs":681,"minecraft:lodestone":117,"minecraft:snow_block":31,"minecraft:glass_bottle":3,"minecraft:polished_andesite":2112,"minecraft:red_nether_bricks":40,"minecraft:blue_wool":102,"minecraft:andesite_slab":4,"minecraft:cut_sandstone":523,"minecraft:brown_mushroom":186,"minecraft:spruce_sign":18,"minecraft:magenta_stained_glass":4,"minecraft:beacon":7,"minecraft:stonecutter":99,"minecraft:cobblestone_slab":585,"minecraft:vindicator_spawn_egg":17,"minecraft:polished_blackstone_pressure_plate":1,"minecraft:dead_fire_coral_block":1,"minecraft:red_mushroom":1,"minecraft:brown_banner":1,"minecraft:yellow_stained_glass_pane":3,"minecraft:painting":674,"minecraft:smooth_red_sandstone_stairs":8,"minecraft:warped_planks":2,"minecraft:smoker":97,"minecraft:dark_oak_door":9,"minecraft:piston":113,"minecraft:netherite_block":1468,"minecraft:flower_pot":95,"minecraft:acacia_stairs":30,"minecraft:activator_rail":4,"minecraft:dead_fire_coral":25,"minecraft:command_block":4320,"minecraft:cracked_polished_blackstone_bricks":1,"minecraft:map":22,"minecraft:netherite_axe":25,"minecraft:jungle_stairs":208,"minecraft:yellow_wool":99,"minecraft:acacia_fence_gate":21,"minecraft:fire_coral_block":3,"minecraft:fishing_rod":13,"minecraft:cod_spawn_egg":2,"minecraft:crimson_fungus":16,"minecraft:white_banner":17,"minecraft:red_banner":2,"minecraft:jungle_door":1,"minecraft:chain_command_block":151,"minecraft:bucket":105,"minecraft:polished_blackstone_button":25,"minecraft:grass_path":1218,"minecraft:yellow_bed":2,"minecraft:wither_rose":19,"minecraft:sea_pickle":62,"minecraft:gray_wool":31,"minecraft:soul_torch":2,"minecraft:smooth_stone":1048,"minecraft:splash_potion":1033,"minecraft:pillager_spawn_egg":10,"minecraft:birch_stairs":61},"minecraft:killed_by":{"minecraft:pillager":2,"minecraft:ravager":39,"minecraft:vindicator":8,"minecraft:iron_golem":1},"minecraft:dropped":{"minecraft:elytra":1,"minecraft:chain":1,"minecraft:fishing_rod":1,"minecraft:bone":1,"minecraft:rotten_flesh":1,"minecraft:acacia_button":1,"minecraft:brick_stairs":2,"minecraft:hopper":1,"minecraft:spruce_slab":1,"minecraft:painting":1,"minecraft:dead_tube_coral_block":1,"minecraft:feather":2,"minecraft:granite":1,"minecraft:command_block":5,"minecraft:chainmail_helmet":1,"minecraft:mushroom_stew":2,"minecraft:pufferfish":1,"minecraft:iron_trapdoor":1,"minecraft:diamond_helmet":1,"minecraft:potion":2,"minecraft:oak_stairs":2,"minecraft:paper":1,"minecraft:bricks":2,"minecraft:name_tag":1,"minecraft:diamond_sword":1,"minecraft:cobblestone_slab":3,"minecraft:redstone_torch":1,"minecraft:bamboo":64,"minecraft:brick_slab":1,"minecraft:soul_sand":2,"minecraft:chainmail_chestplate":1,"minecraft:glowstone":1,"minecraft:chest":2,"minecraft:chainmail_boots":1,"minecraft:chain_command_block":1,"minecraft:written_book":1,"minecraft:polished_granite":3,"minecraft:firework_rocket":123,"minecraft:diamond_leggings":1,"minecraft:poisonous_potato":1,"minecraft:netherite_axe":5,"minecraft:repeater":2,"minecraft:music_disc_ward":1,"minecraft:iron_axe":1,"minecraft:redstone":4,"minecraft:ender_chest":1,"minecraft:comparator":1,"minecraft:totem_of_undying":13,"minecraft:filled_map":1,"minecraft:diamond_boots":1,"minecraft:magma_cream":5},"minecraft:killed":{"minecraft:cave_spider":4,"minecraft:cod":2,"minecraft:zombie_horse":1,"minecraft:mule":2,"minecraft:skeleton":5,"minecraft:fox":11,"minecraft:chicken":13,"minecraft:cat":10,"minecraft:iron_golem":46,"minecraft:pillager":43,"minecraft:donkey":4,"minecraft:zombie":1,"minecraft:cow":5,"minecraft:evoker":5,"minecraft:vindicator":26,"minecraft:zoglin":1,"minecraft:horse":4,"minecraft:ocelot":1,"minecraft:husk":2,"minecraft:wandering_trader":6,"minecraft:ravager":36,"minecraft:zombified_piglin":2,"minecraft:witch":3,"minecraft:illusioner":4,"minecraft:wolf":4,"minecraft:pig":15,"minecraft:zombie_villager":7,"minecraft:creeper":3,"minecraft:slime":109,"minecraft:panda":1,"minecraft:hoglin":1,"minecraft:wither_skeleton":4,"minecraft:villager":86},"minecraft:picked_up":{"minecraft:chainmail_boots":1,"minecraft:flower_pot":5,"minecraft:diamond_sword":2,"minecraft:oak_stairs":2,"minecraft:polished_blackstone_brick_stairs":1,"minecraft:string":9,"minecraft:beetroot_soup":4,"minecraft:pufferfish":2,"minecraft:beetroot":1,"minecraft:diamond_leggings":1,"minecraft:spruce_planks":1,"minecraft:acacia_sign":1,"minecraft:written_book":2,"minecraft:enchanted_golden_apple":60,"minecraft:composter":1,"minecraft:command_block":8,"minecraft:cyan_terracotta":1,"minecraft:glowstone":1,"minecraft:bookshelf":1,"minecraft:magma_block":2,"minecraft:feather":16,"minecraft:iron_door":2,"minecraft:water_bucket":2,"minecraft:lantern":2,"minecraft:stonecutter":1,"minecraft:diamond_helmet":1,"minecraft:vindicator_spawn_egg":2,"minecraft:lever":15,"minecraft:granite":1,"minecraft:chainmail_helmet":1,"minecraft:bread":53,"minecraft:light_gray_carpet":4,"minecraft:bricks":2,"minecraft:bee_nest":8,"minecraft:nether_wart":827,"minecraft:acacia_button":7,"minecraft:heavy_weighted_pressure_plate":19,"minecraft:elytra":1,"minecraft:white_carpet":4,"minecraft:cartography_table":1,"minecraft:beef":12,"minecraft:poppy":41,"minecraft:spruce_slab":2,"minecraft:chest":2,"minecraft:piston":1,"minecraft:egg":2,"minecraft:stone":2,"minecraft:oak_door":1,"minecraft:carrot":8,"minecraft:redstone":56,"minecraft:red_nether_brick_wall":2,"minecraft:jungle_sign":5,"minecraft:beetroot_seeds":11,"minecraft:diamond_boots":1,"minecraft:warped_sign":1,"minecraft:totem_of_undying":18,"minecraft:mutton":5,"minecraft:rail":5,"minecraft:tripwire_hook":6,"minecraft:filled_map":1,"minecraft:oak_log":2,"minecraft:jungle_button":1,"minecraft:white_banner":1,"minecraft:paper":10,"minecraft:kelp":2,"minecraft:apple":65,"minecraft:music_disc_far":1,"minecraft:cobweb":2,"minecraft:chain_command_block":1,"minecraft:sweet_berries":5,"minecraft:gravel":2,"minecraft:firework_rocket":375,"minecraft:painting":11,"minecraft:oak_button":8,"minecraft:wheat":3,"minecraft:iron_trapdoor":1,"minecraft:potion":5,"minecraft:dead_tube_coral_block":1,"minecraft:oak_sign":3,"minecraft:red_sand":194,"minecraft:comparator":1,"minecraft:redstone_torch":14,"minecraft:cobblestone_slab":3,"minecraft:tipped_arrow":4,"minecraft:stick":3,"minecraft:oak_fence":2,"minecraft:torch":48,"minecraft:spruce_stairs":1,"minecraft:porkchop":56,"minecraft:villager_spawn_egg":2,"minecraft:music_disc_pigstep":1,"minecraft:rotten_flesh":52,"minecraft:music_disc_ward":8,"minecraft:music_disc_wait":38,"minecraft:cod":5,"minecraft:repeater":35,"minecraft:magma_cream":321,"minecraft:potato":39,"minecraft:polished_granite":2,"minecraft:name_tag":4,"minecraft:bone":51,"minecraft:wheat_seeds":46,"minecraft:bell":2,"minecraft:netherite_axe":6,"minecraft:bamboo":111,"minecraft:oak_planks":1,"minecraft:poisonous_potato":1,"minecraft:black_concrete":1,"minecraft:polished_blackstone_button":1,"minecraft:crossbow":9,"minecraft:bone_meal":6,"minecraft:emerald":19,"minecraft:oak_sapling":6,"minecraft:netherrack":2,"minecraft:fishing_rod":1,"minecraft:chicken":31,"minecraft:splash_potion":2,"minecraft:ladder":18,"minecraft:brown_mushroom":9,"minecraft:chain":1,"minecraft:iron_axe":1,"minecraft:blue_orchid":15,"minecraft:observer":1,"minecraft:player_head":127,"minecraft:stone_button":2,"minecraft:music_disc_11":2,"minecraft:trident":1,"minecraft:light_gray_stained_glass_pane":1,"minecraft:arrow":629,"minecraft:saddle":39,"minecraft:brick_stairs":2,"minecraft:leather":12,"minecraft:mushroom_stew":2,"minecraft:chainmail_chestplate":1,"minecraft:gunpowder":2,"minecraft:cobblestone_stairs":2,"minecraft:gray_carpet":3,"minecraft:iron_ingot":176,"minecraft:soul_sand":3,"minecraft:pillager_spawn_egg":2,"minecraft:scaffolding":8,"minecraft:oak_slab":1,"minecraft:dandelion":1,"minecraft:lava_bucket":2,"minecraft:white_bed":2,"minecraft:spider_eye":2,"minecraft:spruce_door":1,"minecraft:brick_slab":1,"minecraft:honey_block":1,"minecraft:mossy_cobblestone_stairs":2,"minecraft:damaged_anvil":1,"minecraft:coal":132},"minecraft:crafted":{"minecraft:leather_leggings":3,"minecraft:leather_chestplate":7},"minecraft:mined":{"minecraft:acacia_button":3,"minecraft:honey_block":1}},"DataVersion":2586}