{"stats":{"minecraft:custom":{"minecraft:jump":96,"minecraft:open_chest":2,"minecraft:time_since_rest":5787,"minecraft:crouch_one_cm":1090,"minecraft:play_one_minute":10763,"minecraft:deaths":1,"minecraft:sprint_one_cm":22043,"minecraft:damage_taken":257,"minecraft:time_since_death":5754,"minecraft:walk_one_cm":39634,"minecraft:sneak_time":341,"minecraft:fall_one_cm":1674,"minecraft:fly_one_cm":11627,"minecraft:open_barrel":2},"minecraft:picked_up":{"minecraft:written_book":1},"minecraft:killed_by":{"minecraft:player":1}},"DataVersion":2586}