{"stats":{"minecraft:dropped":{"minecraft:glass_bottle":1,"minecraft:potion":2,"minecraft:rotten_flesh":1,"minecraft:beef":1,"minecraft:item_frame":2},"minecraft:picked_up":{"minecraft:stick":1,"minecraft:bowl":1,"minecraft:potion":2,"minecraft:item_frame":2,"minecraft:rotten_flesh":17,"minecraft:apple":1,"minecraft:music_disc_ward":2,"minecraft:written_book":1,"minecraft:totem_of_undying":1,"minecraft:oak_sapling":4,"minecraft:music_disc_wait":1},"minecraft:broken":{"minecraft:leather_boots":1,"minecraft:leather_leggings":1},"minecraft:custom":{"minecraft:time_since_rest":1826,"minecraft:interact_with_furnace":4,"minecraft:sprint_one_cm":282181,"minecraft:damage_taken":3993,"minecraft:walk_one_cm":173740,"minecraft:damage_blocked_by_shield":450,"minecraft:trigger_trapped_chest":2,"minecraft:interact_with_anvil":4,"minecraft:drop":7,"minecraft:minecart_one_cm":184,"minecraft:damage_dealt":333,"minecraft:play_record":2,"minecraft:swim_one_cm":30195,"minecraft:interact_with_crafting_table":1,"minecraft:talked_to_villager":5,"minecraft:tune_noteblock":1,"minecraft:fly_one_cm":113822,"minecraft:player_kills":1,"minecraft:open_barrel":66,"minecraft:open_chest":17,"minecraft:play_one_minute":53332,"minecraft:crouch_one_cm":6142,"minecraft:interact_with_loom":1,"minecraft:deaths":14,"minecraft:walk_under_water_one_cm":5648,"minecraft:sneak_time":1776,"minecraft:jump":644,"minecraft:interact_with_brewingstand":2,"minecraft:interact_with_blast_furnace":3,"minecraft:time_since_death":1794,"minecraft:walk_on_water_one_cm":2996,"minecraft:interact_with_smoker":1,"minecraft:climb_one_cm":1292,"minecraft:fall_one_cm":8932,"minecraft:inspect_dispenser":1,"minecraft:horse_one_cm":733},"minecraft:killed_by":{"minecraft:vindicator":7,"minecraft:ravager":3,"minecraft:player":3},"minecraft:used":{"minecraft:cooked_mutton":4,"minecraft:glass_bottle":1,"minecraft:music_disc_ward":2,"minecraft:shield":5,"minecraft:rotten_flesh":5,"minecraft:wooden_sword":5,"minecraft:bow":15,"minecraft:mutton":2,"minecraft:potion":4,"minecraft:beef":4,"minecraft:written_book":1,"minecraft:polished_blackstone_button":1}},"DataVersion":2586}