{"stats":{"minecraft:dropped":{"minecraft:rotten_flesh":1,"minecraft:beef":1,"minecraft:item_frame":1},"minecraft:picked_up":{"minecraft:potion":1,"minecraft:item_frame":1,"minecraft:music_disc_ward":2,"minecraft:written_book":1,"minecraft:totem_of_undying":1,"minecraft:music_disc_wait":1},"minecraft:custom":{"minecraft:time_since_rest":2331,"minecraft:interact_with_furnace":4,"minecraft:sprint_one_cm":208006,"minecraft:damage_taken":2637,"minecraft:walk_one_cm":139849,"minecraft:damage_blocked_by_shield":330,"minecraft:trigger_trapped_chest":2,"minecraft:drop":3,"minecraft:minecart_one_cm":184,"minecraft:damage_dealt":277,"minecraft:play_record":1,"minecraft:talked_to_villager":5,"minecraft:fly_one_cm":80140,"minecraft:player_kills":1,"minecraft:open_barrel":40,"minecraft:open_chest":11,"minecraft:play_one_minute":41332,"minecraft:crouch_one_cm":5773,"minecraft:deaths":9,"minecraft:sneak_time":1394,"minecraft:jump":480,"minecraft:interact_with_blast_furnace":1,"minecraft:time_since_death":2303,"minecraft:walk_on_water_one_cm":149,"minecraft:interact_with_smoker":1,"minecraft:climb_one_cm":706,"minecraft:fall_one_cm":6153,"minecraft:inspect_dispenser":1,"minecraft:horse_one_cm":733},"minecraft:killed_by":{"minecraft:vindicator":5,"minecraft:ravager":1,"minecraft:player":3},"minecraft:used":{"minecraft:cooked_mutton":2,"minecraft:music_disc_ward":1,"minecraft:shield":4,"minecraft:rotten_flesh":5,"minecraft:wooden_sword":4,"minecraft:bow":15,"minecraft:mutton":2,"minecraft:potion":2,"minecraft:beef":4,"minecraft:written_book":1,"minecraft:polished_blackstone_button":1}},"DataVersion":2586}