{"stats":{"minecraft:picked_up":{"minecraft:stick":11,"minecraft:carrot_on_a_stick":1,"minecraft:bowl":3,"minecraft:poisonous_potato":4,"minecraft:filled_map":1,"minecraft:potion":9,"minecraft:paper":1,"minecraft:item_frame":2,"minecraft:rotten_flesh":28,"minecraft:apple":1,"minecraft:music_disc_ward":2,"minecraft:crossbow":1,"minecraft:cobweb":2,"minecraft:written_book":3,"minecraft:totem_of_undying":1,"minecraft:oak_sapling":11,"minecraft:music_disc_wait":1},"minecraft:dropped":{"minecraft:filled_map":2,"minecraft:cobweb":4,"minecraft:glass_bottle":3,"minecraft:bowl":2,"minecraft:crossbow":1,"minecraft:poisonous_potato":4,"minecraft:potion":2,"minecraft:rotten_flesh":1,"minecraft:beef":1,"minecraft:written_book":2,"minecraft:stick":1,"minecraft:item_frame":2},"minecraft:broken":{"minecraft:leather_boots":1,"minecraft:leather_leggings":1},"minecraft:custom":{"minecraft:time_since_rest":17371,"minecraft:interact_with_furnace":4,"minecraft:sprint_one_cm":378091,"minecraft:damage_taken":5649,"minecraft:walk_one_cm":255484,"minecraft:damage_blocked_by_shield":613,"minecraft:trigger_trapped_chest":7,"minecraft:interact_with_anvil":4,"minecraft:drop":25,"minecraft:minecart_one_cm":184,"minecraft:damage_dealt":342,"minecraft:play_record":2,"minecraft:swim_one_cm":36732,"minecraft:interact_with_crafting_table":1,"minecraft:talked_to_villager":5,"minecraft:tune_noteblock":1,"minecraft:fly_one_cm":149377,"minecraft:player_kills":1,"minecraft:open_barrel":70,"minecraft:open_chest":18,"minecraft:play_one_minute":77332,"minecraft:crouch_one_cm":6478,"minecraft:interact_with_loom":1,"minecraft:deaths":18,"minecraft:walk_under_water_one_cm":5683,"minecraft:sneak_time":2133,"minecraft:interact_with_lectern":1,"minecraft:jump":1013,"minecraft:interact_with_brewingstand":2,"minecraft:interact_with_stonecutter":1,"minecraft:interact_with_blast_furnace":3,"minecraft:time_since_death":17343,"minecraft:walk_on_water_one_cm":4389,"minecraft:interact_with_smoker":1,"minecraft:climb_one_cm":3721,"minecraft:fall_one_cm":10161,"minecraft:inspect_dispenser":1,"minecraft:horse_one_cm":733},"minecraft:killed_by":{"minecraft:vindicator":7,"minecraft:ravager":6,"minecraft:player":4},"minecraft:used":{"minecraft:cooked_mutton":4,"minecraft:apple":2,"minecraft:glass_bottle":1,"minecraft:music_disc_ward":2,"minecraft:shield":20,"minecraft:cooked_salmon":3,"minecraft:rotten_flesh":11,"minecraft:golden_sword":1,"minecraft:wooden_sword":5,"minecraft:bow":16,"minecraft:mutton":2,"minecraft:potion":8,"minecraft:beef":4,"minecraft:written_book":1,"minecraft:polished_blackstone_button":1}},"DataVersion":2586}