{"stats":{"minecraft:picked_up":{"minecraft:written_book":1,"minecraft:totem_of_undying":1},"minecraft:custom":{"minecraft:open_barrel":6,"minecraft:open_chest":6,"minecraft:time_since_rest":11024,"minecraft:damage_dealt":126,"minecraft:play_one_minute":23332,"minecraft:crouch_one_cm":2824,"minecraft:damage_taken":477,"minecraft:sprint_one_cm":68617,"minecraft:time_since_death":10929,"minecraft:walk_one_cm":78866,"minecraft:deaths":2,"minecraft:sneak_time":601,"minecraft:interact_with_blast_furnace":1,"minecraft:interact_with_furnace":4,"minecraft:fall_one_cm":2092,"minecraft:fly_one_cm":41713,"minecraft:player_kills":1,"minecraft:walk_on_water_one_cm":67,"minecraft:jump":261},"minecraft:killed_by":{"minecraft:player":2},"minecraft:used":{"minecraft:polished_blackstone_button":1,"minecraft:written_book":1}},"DataVersion":2586}