{"stats":{"minecraft:killed":{"minecraft:cow":1},"minecraft:picked_up":{"minecraft:dirt":1,"minecraft:item_frame":1,"minecraft:music_disc_ward":5,"minecraft:polished_blackstone_button":1,"minecraft:painting":1,"minecraft:glass_bottle":1,"minecraft:mutton":3},"minecraft:dropped":{"minecraft:filled_map":1,"minecraft:mutton":4,"minecraft:totem_of_undying":1,"minecraft:bone":1},"minecraft:broken":{"minecraft:golden_sword":1,"minecraft:leather_leggings":1},"minecraft:custom":{"minecraft:time_since_rest":1461,"minecraft:interact_with_smithing_table":5,"minecraft:sprint_one_cm":214743,"minecraft:damage_taken":4795,"minecraft:walk_one_cm":128909,"minecraft:damage_blocked_by_shield":840,"minecraft:trigger_trapped_chest":1,"minecraft:mob_kills":1,"minecraft:interact_with_anvil":2,"minecraft:drop":7,"minecraft:damage_dealt":3236,"minecraft:play_record":4,"minecraft:traded_with_villager":2,"minecraft:swim_one_cm":22167,"minecraft:fly_one_cm":70756,"minecraft:player_kills":7,"minecraft:talked_to_villager":5,"minecraft:interact_with_crafting_table":1,"minecraft:tune_noteblock":1,"minecraft:target_hit":4,"minecraft:open_barrel":48,"minecraft:open_chest":13,"minecraft:play_one_minute":40623,"minecraft:crouch_one_cm":2749,"minecraft:interact_with_loom":1,"minecraft:deaths":16,"minecraft:sneak_time":773,"minecraft:walk_under_water_one_cm":9936,"minecraft:jump":539,"minecraft:eat_cake_slice":1,"minecraft:interact_with_stonecutter":1,"minecraft:interact_with_blast_furnace":1,"minecraft:walk_on_water_one_cm":3187,"minecraft:time_since_death":1435,"minecraft:climb_one_cm":2518,"minecraft:interact_with_smoker":4,"minecraft:fall_one_cm":8677,"minecraft:horse_one_cm":2213},"minecraft:mined":{"minecraft:polished_blackstone_button":1},"minecraft:crafted":{"minecraft:leather_leggings":1,"minecraft:leather_chestplate":1},"minecraft:killed_by":{"minecraft:vindicator":14,"minecraft:ravager":1},"minecraft:used":{"minecraft:wooden_axe":1,"minecraft:music_disc_ward":4,"minecraft:shield":6,"minecraft:iron_sword":63,"minecraft:rotten_flesh":10,"minecraft:golden_sword":32,"minecraft:wooden_sword":13,"minecraft:mutton":2,"minecraft:bow":25,"minecraft:written_book":2,"minecraft:acacia_button":1,"minecraft:cooked_beef":1,"minecraft:beetroot_soup":1}},"DataVersion":2586}