{"stats":{"minecraft:dropped":{"minecraft:totem_of_undying":1},"minecraft:picked_up":{"minecraft:polished_blackstone_button":1,"minecraft:dirt":1},"minecraft:custom":{"minecraft:time_since_rest":10623,"minecraft:open_chest":3,"minecraft:crouch_one_cm":369,"minecraft:play_one_minute":10623,"minecraft:sprint_one_cm":40078,"minecraft:damage_taken":134,"minecraft:walk_one_cm":24725,"minecraft:sneak_time":98,"minecraft:drop":1,"minecraft:jump":175,"minecraft:damage_dealt":488,"minecraft:time_since_death":10623,"minecraft:walk_on_water_one_cm":161,"minecraft:tune_noteblock":1,"minecraft:player_kills":2,"minecraft:fall_one_cm":1467,"minecraft:fly_one_cm":29554,"minecraft:open_barrel":7},"minecraft:mined":{"minecraft:polished_blackstone_button":1},"minecraft:used":{"minecraft:rotten_flesh":1,"minecraft:written_book":2,"minecraft:acacia_button":1,"minecraft:beetroot_soup":1}},"DataVersion":2586}