{"stats":{"minecraft:killed":{"minecraft:cow":1},"minecraft:dropped":{"minecraft:totem_of_undying":1,"minecraft:bone":1},"minecraft:picked_up":{"minecraft:dirt":1,"minecraft:item_frame":1,"minecraft:polished_blackstone_button":1,"minecraft:painting":1,"minecraft:glass_bottle":1},"minecraft:broken":{"minecraft:golden_sword":1},"minecraft:custom":{"minecraft:time_since_rest":690,"minecraft:interact_with_smithing_table":5,"minecraft:sprint_one_cm":167700,"minecraft:damage_taken":3807,"minecraft:walk_one_cm":90635,"minecraft:damage_blocked_by_shield":840,"minecraft:trigger_trapped_chest":1,"minecraft:mob_kills":1,"minecraft:interact_with_anvil":2,"minecraft:drop":2,"minecraft:damage_dealt":2357,"minecraft:traded_with_villager":2,"minecraft:fly_one_cm":63840,"minecraft:player_kills":5,"minecraft:talked_to_villager":5,"minecraft:interact_with_crafting_table":1,"minecraft:tune_noteblock":1,"minecraft:target_hit":4,"minecraft:open_barrel":40,"minecraft:open_chest":9,"minecraft:play_one_minute":28623,"minecraft:crouch_one_cm":1802,"minecraft:interact_with_loom":1,"minecraft:deaths":12,"minecraft:sneak_time":432,"minecraft:jump":409,"minecraft:eat_cake_slice":1,"minecraft:interact_with_blast_furnace":1,"minecraft:walk_on_water_one_cm":212,"minecraft:time_since_death":664,"minecraft:climb_one_cm":532,"minecraft:interact_with_smoker":2,"minecraft:fall_one_cm":5799},"minecraft:mined":{"minecraft:polished_blackstone_button":1},"minecraft:crafted":{"minecraft:leather_leggings":1,"minecraft:leather_chestplate":1},"minecraft:killed_by":{"minecraft:vindicator":11,"minecraft:ravager":1},"minecraft:used":{"minecraft:wooden_axe":1,"minecraft:shield":6,"minecraft:iron_sword":36,"minecraft:rotten_flesh":8,"minecraft:golden_sword":32,"minecraft:wooden_sword":13,"minecraft:bow":23,"minecraft:written_book":2,"minecraft:acacia_button":1,"minecraft:cooked_beef":1,"minecraft:beetroot_soup":1}},"DataVersion":2586}