{"stats":{"minecraft:killed":{"minecraft:cow":1},"minecraft:picked_up":{"minecraft:stick":1,"minecraft:potion":1,"minecraft:golden_sword":1,"minecraft:dirt":1,"minecraft:beetroot_soup":1,"minecraft:cooked_mutton":1,"minecraft:item_frame":1,"minecraft:bow":1,"minecraft:music_disc_ward":5,"minecraft:polished_blackstone_button":1,"minecraft:painting":1,"minecraft:written_book":2,"minecraft:glass_bottle":1,"minecraft:mutton":3},"minecraft:dropped":{"minecraft:filled_map":1,"minecraft:compass":1,"minecraft:nether_wart":1,"minecraft:glass_bottle":1,"minecraft:mutton":4,"minecraft:bowl":2,"minecraft:golden_sword":1,"minecraft:potion":1,"minecraft:bow":1,"minecraft:magma_cream":1,"minecraft:paper":1,"minecraft:written_book":3,"minecraft:totem_of_undying":1,"minecraft:stick":1,"minecraft:bone":1},"minecraft:broken":{"minecraft:golden_sword":1,"minecraft:leather_leggings":1},"minecraft:custom":{"minecraft:time_since_rest":14976,"minecraft:interact_with_smithing_table":5,"minecraft:sprint_one_cm":290684,"minecraft:damage_taken":6502,"minecraft:walk_one_cm":195101,"minecraft:damage_blocked_by_shield":1260,"minecraft:trigger_trapped_chest":7,"minecraft:mob_kills":1,"minecraft:interact_with_anvil":2,"minecraft:drop":21,"minecraft:inspect_hopper":1,"minecraft:damage_dealt":4820,"minecraft:play_record":4,"minecraft:traded_with_villager":2,"minecraft:swim_one_cm":28475,"minecraft:fly_one_cm":94118,"minecraft:player_kills":14,"minecraft:talked_to_villager":5,"minecraft:interact_with_crafting_table":1,"minecraft:tune_noteblock":1,"minecraft:target_hit":4,"minecraft:open_barrel":54,"minecraft:open_chest":14,"minecraft:play_one_minute":62865,"minecraft:crouch_one_cm":4033,"minecraft:interact_with_loom":3,"minecraft:deaths":23,"minecraft:sneak_time":1014,"minecraft:walk_under_water_one_cm":10864,"minecraft:jump":821,"minecraft:eat_cake_slice":1,"minecraft:leave_game":1,"minecraft:interact_with_stonecutter":4,"minecraft:interact_with_blast_furnace":1,"minecraft:walk_on_water_one_cm":3710,"minecraft:time_since_death":14950,"minecraft:climb_one_cm":3640,"minecraft:interact_with_smoker":4,"minecraft:fall_one_cm":9876,"minecraft:horse_one_cm":2213},"minecraft:mined":{"minecraft:polished_blackstone_button":1},"minecraft:crafted":{"minecraft:leather_leggings":1,"minecraft:leather_chestplate":1},"minecraft:killed_by":{"minecraft:vindicator":14,"minecraft:ravager":6,"minecraft:player":1},"minecraft:used":{"minecraft:wooden_axe":5,"minecraft:music_disc_ward":4,"minecraft:shield":10,"minecraft:iron_sword":93,"minecraft:rotten_flesh":13,"minecraft:golden_sword":32,"minecraft:diamond_sword":4,"minecraft:wooden_sword":13,"minecraft:potion":1,"minecraft:mutton":5,"minecraft:bow":33,"minecraft:written_book":2,"minecraft:acacia_button":1,"minecraft:cooked_beef":1,"minecraft:beetroot_soup":2}},"DataVersion":2586}